Time,Temperature
1,20.515
2,24.5461
3,24.46513
4,24.546532
5,23.46551
6,24.654354
7,22.54665
	