Hour,People,Velocity of reaction
07:00 - 07:50,38,0.0310357s
07:50 - 08:40,37,0.0288805s
08:40 - 09:30,36,0.028373s
09:30 - 10:15,36,0.027388s
10:15 - 10:40,3,0.0255192s
10:40 - 11:30,34,0.0264386s
11:30 - 12:15,35,0.0277878s
